epoch,train loss,val loss,swa
0.0,0.4872119337644266,0.4858061724152916,n
19.0,0.12405210303438312,0.12915022572577553,y
39.0,0.05690349553759484,0.09319827532673305,y
59.0,0.008806809023578648,0.053084089054954285,y
79.0,0.0038495787895685167,0.04732118539836789,y
99.0,0.0018863427688620388,0.04368557215824195,y
119.0,0.0008275814993427231,0.05841616041667074,y
139.0,0.0004626162218846092,0.059456979336968814,y
159.0,9.519410528930059e-05,0.05666121338963635,y
