epoch,train loss,val loss,swa
0.0,0.5007814049720765,0.5031834065914154,n
19.0,0.257387451082468,0.28805224150419234,y
39.0,0.18105714535340667,0.23429715037345886,y
59.0,0.11776043723439215,0.19650348885334096,y
79.0,0.022718939677088202,0.1909303434586036,y
99.0,0.0009195692386839482,0.20439695632402105,y
119.0,0.0001221727325778077,0.19995984889361093,y
139.0,0.000237859942367985,0.20106070179699928,y
