epoch,train loss,val loss,swa
0.0,0.4995689865201712,0.4995375841856003,n
19.0,0.17047575050964953,0.1598437564447522,y
39.0,0.12348047170089557,0.12450795955955982,y
59.0,0.13076505955250467,0.12591777821071445,y
79.0,0.03770275096982516,0.06883882861820893,y
99.0,0.021946366959206275,0.09410826648993016,y
119.0,0.010828014728963664,0.07509480590330397,y
139.0,3.693648945086936e-05,0.07204637811316865,y
159.0,0.012985667371086062,0.0790960738643621,y
